-- inserting no_show_cast data

INSERT INTO ADMIN_28313.NO_SHOW_CAST VALUES (
    5, 'FL001', DATE '2025-11-28', DATE '2025-12-01', 5, 5.88, NULL, NULL, NULL
);

INSERT INTO ADMIN_28313.NO_SHOW_CAST VALUES (
    6, 'FL001', DATE '2025-11-29', DATE '2025-12-02', 7, 7.95, NULL, NULL, NULL
);

INSERT INTO ADMIN_28313.NO_SHOW_CAST VALUES (
    7, 'FL002', DATE '2025-11-28', DATE '2025-12-01', 3, 4.17, NULL, NULL, NULL
);

INSERT INTO ADMIN_28313.NO_SHOW_CAST VALUES (
    8, 'FL003', DATE '2025-11-28', DATE '2025-12-01', 4, 5.88, NULL, NULL, NULL
);

INSERT INTO ADMIN_28313.NO_SHOW_CAST VALUES (
    21, 'FL001', DATE '2025-11-30', DATE '2025-01-10', 3, 92.5, 2, 88, 'v1.2'
);

INSERT INTO ADMIN_28313.NO_SHOW_CAST VALUES (
    22, 'FL001', DATE '2025-12-02', DATE '2025-01-12', 4, 90.1, 5, 95, 'v1.2'
);

INSERT INTO ADMIN_28313.NO_SHOW_CAST VALUES (
    23, 'FL008', DATE '2025-12-02', DATE '2025-01-12', 5, 90.9, 4, 80, 'v1.2'
);

INSERT INTO ADMIN_28313.NO_SHOW_CAST VALUES (
    24, 'FL009', DATE '2025-11-25', DATE '2025-01-05', 3, 91.5, 2, 93, 'v1.2'
);

INSERT INTO ADMIN_28313.NO_SHOW_CAST VALUES (
    25, 'FL009', DATE '2025-12-04', DATE '2025-01-15', 4, 92.7, 5, 89, 'v1.2'
);

INSERT INTO ADMIN_28313.NO_SHOW_CAST VALUES (
    26, 'FL001', DATE '2025-11-29', DATE '2025-01-09', 5, 87.2, 4, 80, 'v1.2'
);

INSERT INTO ADMIN_28313.NO_SHOW_CAST VALUES (
    27, 'FL003', DATE '2025-12-03', DATE '2025-01-14', 6, 90.4, 7, 92, 'v1.2'
);

INSERT INTO ADMIN_28313.NO_SHOW_CAST VALUES (
    28, 'FL001', DATE '2025-11-20', DATE '2025-01-02', 6, 88.1, 5, 91.7, 'v1.3'
);

INSERT INTO ADMIN_28313.NO_SHOW_CAST VALUES (
    29, 'FL002', DATE '2025-11-27', DATE '2025-01-18', 7, 89.3, 8, 88, 'v1.2'
);


-- inserting airports data

INSERT INTO ADMIN_28313.AIRPORTS (AIRPORT_CODE, AIRPORT_NAME, CITY, COUNTRY, AIRPORT_TYPE, TIMEZONE, LAST_MODIFIED_DATE)
VALUES ('NBO', 'Jomo Kenyatta International', 'Nairobi', 'Kenya', 'MAIN', 'GMT+3', DATE '2025-12-05');

INSERT INTO ADMIN_28313.AIRPORTS (AIRPORT_CODE, AIRPORT_NAME, CITY, COUNTRY, AIRPORT_TYPE, TIMEZONE, LAST_MODIFIED_DATE)
VALUES ('DAR', 'Julius Nyerere International', 'Dar es Salaam', 'Tanzania', 'MAIN', 'GMT+3', DATE '2025-12-05');

INSERT INTO ADMIN_28313.AIRPORTS (AIRPORT_CODE, AIRPORT_NAME, CITY, COUNTRY, AIRPORT_TYPE, TIMEZONE, LAST_MODIFIED_DATE)
VALUES ('KGL', 'Kigali International', 'Kigali', 'Rwanda', 'REGIONAL', 'GMT+3', DATE '2025-12-05');

INSERT INTO ADMIN_28313.AIRPORTS (AIRPORT_CODE, AIRPORT_NAME, CITY, COUNTRY, AIRPORT_TYPE, TIMEZONE, LAST_MODIFIED_DATE)
VALUES ('EBB', 'Entebbe International', 'Kampala', 'Uganda', 'REGIONAL', 'GMT+3', DATE '2025-12-05');

INSERT INTO ADMIN_28313.AIRPORTS (AIRPORT_CODE, AIRPORT_NAME, CITY, COUNTRY, AIRPORT_TYPE, TIMEZONE, LAST_MODIFIED_DATE)
VALUES ('MBA', 'Moi International', 'Mombasa', 'Kenya', 'REGIONAL', 'GMT+3', DATE '2025-12-05');

INSERT INTO ADMIN_28313.AIRPORTS (AIRPORT_CODE, AIRPORT_NAME, CITY, COUNTRY, AIRPORT_TYPE, TIMEZONE, LAST_MODIFIED_DATE)
VALUES ('JRO', 'Kilimanjaro International', 'Arusha', 'Tanzania', 'NONE', 'GMT+3', DATE '2025-12-05');

INSERT INTO ADMIN_28313.AIRPORTS (AIRPORT_CODE, AIRPORT_NAME, CITY, COUNTRY, AIRPORT_TYPE, TIMEZONE, LAST_MODIFIED_DATE)
VALUES ('ZNZ', 'Abeid Amani Karume International', 'Zanzibar', 'Tanzania', 'NONE', 'GMT+3', DATE '2025-12-05');

INSERT INTO ADMIN_28313.AIRPORTS (AIRPORT_CODE, AIRPORT_NAME, CITY, COUNTRY, AIRPORT_TYPE, TIMEZONE, LAST_MODIFIED_DATE)
VALUES ('LUN', 'Kenneth Kaunda International', 'Lusaka', 'Zambia', 'REGIONAL', 'GMT+3', DATE '2025-12-05');

INSERT INTO ADMIN_28313.AIRPORTS (AIRPORT_CODE, AIRPORT_NAME, CITY, COUNTRY, AIRPORT_TYPE, TIMEZONE, LAST_MODIFIED_DATE)
VALUES ('HRE', 'Robert Gabriel Mugabe International', 'Harare', 'Zimbabwe', 'REGIONAL', 'GMT+3', DATE '2025-12-05');

INSERT INTO ADMIN_28313.AIRPORTS (AIRPORT_CODE, AIRPORT_NAME, CITY, COUNTRY, AIRPORT_TYPE, TIMEZONE, LAST_MODIFIED_DATE)
VALUES ('ADD', 'Bole International', 'Addis Ababa', 'Ethiopia', 'MAIN', 'GMT+3', DATE '2025-12-05');

INSERT INTO ADMIN_28313.AIRPORTS (AIRPORT_CODE, AIRPORT_NAME, CITY, COUNTRY, AIRPORT_TYPE, TIMEZONE, LAST_MODIFIED_DATE)
VALUES ('JNB', 'O.R. Tambo International', 'Johannesburg', 'South Africa', 'MAIN', 'GMT+3', DATE '2025-12-05');


-- Inserting price rules data
INSERT INTO ADMIN_28313.PRICE_RULES (
    RULE_NAME, 
    FARE_CLASS, 
    BASE_PRICE, 
    DEMAND_MULTIPLIER, 
    CAPACITY_THRESHOLD, 
    DAYS_BEFORE_DEPARTURE, 
    MIN_PRICE, 
    MAX_PRICE, 
    IS_ACTIVE, 
    CREATED_DATE, 
    MODIFIED_DATE
) VALUES (
    'First Class High Demand',
    'F',
    800,
    1.2,
    80,
    30,
    600,
    1200,
    'Y',
    DATE '2025-12-05',
    DATE '2025-12-05'
);

INSERT INTO ADMIN_28313.PRICE_RULES (
    RULE_NAME, 
    FARE_CLASS, 
    BASE_PRICE, 
    DEMAND_MULTIPLIER, 
    CAPACITY_THRESHOLD, 
    DAYS_BEFORE_DEPARTURE, 
    MIN_PRICE, 
    MAX_PRICE, 
    IS_ACTIVE, 
    CREATED_DATE, 
    MODIFIED_DATE
) VALUES (
    'Business Class Standard',
    'J',
    550,
    1.15,
    85,
    30,
    400,
    850,
    'Y',
    DATE '2025-12-05',
    DATE '2025-12-05'
);

INSERT INTO ADMIN_28313.PRICE_RULES (
    RULE_NAME, 
    FARE_CLASS, 
    BASE_PRICE, 
    DEMAND_MULTIPLIER, 
    CAPACITY_THRESHOLD, 
    DAYS_BEFORE_DEPARTURE, 
    MIN_PRICE, 
    MAX_PRICE, 
    IS_ACTIVE, 
    CREATED_DATE, 
    MODIFIED_DATE
) VALUES (
    'Economy Flexible',
    'Y',
    350,
    1.1,
    90,
    30,
    250,
    500,
    'Y',
    DATE '2025-12-05',
    DATE '2025-12-05'
);

INSERT INTO ADMIN_28313.PRICE_RULES (
    RULE_NAME, 
    FARE_CLASS, 
    BASE_PRICE, 
    DEMAND_MULTIPLIER, 
    CAPACITY_THRESHOLD, 
    DAYS_BEFORE_DEPARTURE, 
    MIN_PRICE, 
    MAX_PRICE, 
    IS_ACTIVE, 
    CREATED_DATE, 
    MODIFIED_DATE
) VALUES (
    'Discounted Economy',
    'K',
    280,
    0.9,
    92,
    30,
    200,
    400,
    'Y',
    DATE '2025-12-05',
    DATE '2025-12-05'
);

INSERT INTO ADMIN_28313.PRICE_RULES (
    RULE_NAME, 
    FARE_CLASS, 
    BASE_PRICE, 
    DEMAND_MULTIPLIER, 
    CAPACITY_THRESHOLD, 
    DAYS_BEFORE_DEPARTURE, 
    MIN_PRICE, 
    MAX_PRICE, 
    IS_ACTIVE, 
    CREATED_DATE, 
    MODIFIED_DATE
) VALUES (
    'Low Cost',
    'L',
    250,
    0.85,
    95,
    30,
    180,
    350,
    'Y',
    DATE '2025-12-05',
    DATE '2025-12-05'
);


-- inserting flight_schedule data

INSERT INTO ADMIN_28313.FLIGHT_SCHEDULE (FLIGHT_NUMBER, FLIGHT_CODE, DEPARTURE_AIRPORT, ARRIVAL_AIRPORT, DEPARTURE_TIME, ARRIVAL_TIME, AIRCRAFT_ID, DAY_OF_WEEK, IS_ACTIVE)
VALUES ('FL002', 'AA102', 'DAR', 'NBO', 
        TIMESTAMP '2025-12-01 12:00:00', 
        TIMESTAMP '2025-12-01 14:30:00', 
        'AC001', 'Monday', 'Y');

INSERT INTO ADMIN_28313.FLIGHT_SCHEDULE (FLIGHT_NUMBER, FLIGHT_CODE, DEPARTURE_AIRPORT, ARRIVAL_AIRPORT, DEPARTURE_TIME, ARRIVAL_TIME, AIRCRAFT_ID, DAY_OF_WEEK, IS_ACTIVE)
VALUES ('FL003', 'AA201', 'NBO', 'KGL', 
        TIMESTAMP '2025-12-01 09:00:00', 
        TIMESTAMP '2025-12-01 10:15:00', 
        'AC002', 'Monday', 'Y');

INSERT INTO ADMIN_28313.FLIGHT_SCHEDULE (FLIGHT_NUMBER, FLIGHT_CODE, DEPARTURE_AIRPORT, ARRIVAL_AIRPORT, DEPARTURE_TIME, ARRIVAL_TIME, AIRCRAFT_ID, DAY_OF_WEEK, IS_ACTIVE)
VALUES ('FL004', 'AA202', 'KGL', 'NBO', 
        TIMESTAMP '2025-12-01 11:00:00', 
        TIMESTAMP '2025-12-01 12:15:00', 
        'AC002', 'Monday', 'Y');

INSERT INTO ADMIN_28313.FLIGHT_SCHEDULE (FLIGHT_NUMBER, FLIGHT_CODE, DEPARTURE_AIRPORT, ARRIVAL_AIRPORT, DEPARTURE_TIME, ARRIVAL_TIME, AIRCRAFT_ID, DAY_OF_WEEK, IS_ACTIVE)
VALUES ('FL005', 'AA301', 'DAR', 'KGL', 
        TIMESTAMP '2025-12-01 13:00:00', 
        TIMESTAMP '2025-12-01 14:30:00', 
        'AC003', 'Monday', 'Y');

INSERT INTO ADMIN_28313.FLIGHT_SCHEDULE (FLIGHT_NUMBER, FLIGHT_CODE, DEPARTURE_AIRPORT, ARRIVAL_AIRPORT, DEPARTURE_TIME, ARRIVAL_TIME, AIRCRAFT_ID, DAY_OF_WEEK, IS_ACTIVE)
VALUES ('FL006', 'AA302', 'KGL', 'EBB', 
        TIMESTAMP '2025-12-01 15:00:00', 
        TIMESTAMP '2025-12-01 16:15:00', 
        'AC003', 'Monday', 'Y');

INSERT INTO ADMIN_28313.FLIGHT_SCHEDULE (FLIGHT_NUMBER, FLIGHT_CODE, DEPARTURE_AIRPORT, ARRIVAL_AIRPORT, DEPARTURE_TIME, ARRIVAL_TIME, AIRCRAFT_ID, DAY_OF_WEEK, IS_ACTIVE)
VALUES ('FL007', 'AA401', 'NBO', 'MBA', 
        TIMESTAMP '2025-12-01 07:30:00', 
        TIMESTAMP '2025-12-01 08:15:00', 
        'AC004', 'Monday', 'Y');

INSERT INTO ADMIN_28313.FLIGHT_SCHEDULE (FLIGHT_NUMBER, FLIGHT_CODE, DEPARTURE_AIRPORT, ARRIVAL_AIRPORT, DEPARTURE_TIME, ARRIVAL_TIME, AIRCRAFT_ID, DAY_OF_WEEK, IS_ACTIVE)
VALUES ('FL008', 'AA402', 'MBA', 'NBO', 
        TIMESTAMP '2025-12-01 09:00:00', 
        TIMESTAMP '2025-12-01 09:45:00', 
        'AC004', 'Monday', 'Y');

INSERT INTO ADMIN_28313.FLIGHT_SCHEDULE (FLIGHT_NUMBER, FLIGHT_CODE, DEPARTURE_AIRPORT, ARRIVAL_AIRPORT, DEPARTURE_TIME, ARRIVAL_TIME, AIRCRAFT_ID, DAY_OF_WEEK, IS_ACTIVE)
VALUES ('FL009', 'AA501', 'NBO', 'JRO', 
        TIMESTAMP '2025-12-01 10:00:00', 
        TIMESTAMP '2025-12-01 11:00:00', 
        'AC005', 'Monday', 'Y');

INSERT INTO ADMIN_28313.FLIGHT_SCHEDULE (FLIGHT_NUMBER, FLIGHT_CODE, DEPARTURE_AIRPORT, ARRIVAL_AIRPORT, DEPARTURE_TIME, ARRIVAL_TIME, AIRCRAFT_ID, DAY_OF_WEEK, IS_ACTIVE)
VALUES ('FL010', 'AA502', 'JRO', 'NBO', 
        TIMESTAMP '2025-12-01 12:00:00', 
        TIMESTAMP '2025-12-01 13:00:00', 
        'AC005', 'Monday', 'Y');

INSERT INTO ADMIN_28313.FLIGHT_SCHEDULE (FLIGHT_NUMBER, FLIGHT_CODE, DEPARTURE_AIRPORT, ARRIVAL_AIRPORT, DEPARTURE_TIME, ARRIVAL_TIME, AIRCRAFT_ID, DAY_OF_WEEK, IS_ACTIVE)
VALUES ('FL011', 'AA601', 'NBO', 'ADD', 
        TIMESTAMP '2025-12-01 22:00:00', 
        TIMESTAMP '2025-12-02 00:30:00', 
        'AC006', 'Monday', 'Y');

INSERT INTO ADMIN_28313.FLIGHT_SCHEDULE (FLIGHT_NUMBER, FLIGHT_CODE, DEPARTURE_AIRPORT, ARRIVAL_AIRPORT, DEPARTURE_TIME, ARRIVAL_TIME, AIRCRAFT_ID, DAY_OF_WEEK, IS_ACTIVE)
VALUES ('FL012', 'AA602', 'ADD', 'NBO', 
        TIMESTAMP '2025-12-02 02:00:00', 
        TIMESTAMP '2025-12-02 04:30:00', 
        'AC006', 'Tuesday', 'Y');

INSERT INTO ADMIN_28313.FLIGHT_SCHEDULE (FLIGHT_NUMBER, FLIGHT_CODE, DEPARTURE_AIRPORT, ARRIVAL_AIRPORT, DEPARTURE_TIME, ARRIVAL_TIME, AIRCRAFT_ID, DAY_OF_WEEK, IS_ACTIVE)
VALUES ('FL013', 'AA701', 'NBO', 'JNB', 
        TIMESTAMP '2025-12-01 23:00:00', 
        TIMESTAMP '2025-12-02 03:30:00', 
        'AC007', 'Monday', 'Y');

-- Inserting bookings data

INSERT INTO ADMIN_28313.BOOKINGS (BOOKING_ID, CUSTOMER_ID, FLIGHT_NUMBER, BOOKING_DATE, TRAVEL_DATE, FARE_CLASS, SEAT_NUMBER, PRICE, PAYMENT_STATUS, BOOKING_STATUS)
VALUES (260, 111, 'AA101', 
        TIMESTAMP '2024-01-10 09:00:00', 
        DATE '2024-01-20', 
        'B', '10A', 350, 'PAID', 'NOSHOW');

INSERT INTO ADMIN_28313.BOOKINGS (BOOKING_ID, CUSTOMER_ID, FLIGHT_NUMBER, BOOKING_DATE, TRAVEL_DATE, FARE_CLASS, SEAT_NUMBER, PRICE, PAYMENT_STATUS, BOOKING_STATUS)
VALUES (261, 112, 'AA101', 
        TIMESTAMP '2024-01-11 10:30:00', 
        DATE '2024-01-20', 
        'K', '11B', 280, 'PAID', 'NOSHOW');

INSERT INTO ADMIN_28313.BOOKINGS (BOOKING_ID, CUSTOMER_ID, FLIGHT_NUMBER, BOOKING_DATE, TRAVEL_DATE, FARE_CLASS, SEAT_NUMBER, PRICE, PAYMENT_STATUS, BOOKING_STATUS)
VALUES (262, 113, 'AA101', 
        TIMESTAMP '2024-01-12 11:45:00', 
        DATE '2024-01-20', 
        'E', '12C', 320, 'PAID', 'NOSHOW');

INSERT INTO ADMIN_28313.BOOKINGS (BOOKING_ID, CUSTOMER_ID, FLIGHT_NUMBER, BOOKING_DATE, TRAVEL_DATE, FARE_CLASS, SEAT_NUMBER, PRICE, PAYMENT_STATUS, BOOKING_STATUS)
VALUES (263, 115, 'AA102', 
        TIMESTAMP '2024-02-01 08:15:00', 
        DATE '2024-02-10', 
        'B', '9A', 340, 'PAID', 'NOSHOW');

INSERT INTO ADMIN_28313.BOOKINGS (BOOKING_ID, CUSTOMER_ID, FLIGHT_NUMBER, BOOKING_DATE, TRAVEL_DATE, FARE_CLASS, SEAT_NUMBER, PRICE, PAYMENT_STATUS, BOOKING_STATUS)
VALUES (264, 116, 'AA102', 
        TIMESTAMP '2024-02-02 14:20:00', 
        DATE '2024-02-10', 
        'E', '15D', 250, 'PAID', 'NOSHOW');

INSERT INTO ADMIN_28313.BOOKINGS (BOOKING_ID, CUSTOMER_ID, FLIGHT_NUMBER, BOOKING_DATE, TRAVEL_DATE, FARE_CLASS, SEAT_NUMBER, PRICE, PAYMENT_STATUS, BOOKING_STATUS)
VALUES (265, 117, 'AA201', 
        TIMESTAMP '2024-01-15 16:30:00', 
        DATE '2024-01-25', 
        'K', '8B', 300, 'PAID', 'NOSHOW');

-- Current CONFIRMED bookings
INSERT INTO ADMIN_28313.BOOKINGS (BOOKING_ID, CUSTOMER_ID, FLIGHT_NUMBER, BOOKING_DATE, TRAVEL_DATE, FARE_CLASS, PRICE, PAYMENT_STATUS, BOOKING_STATUS)
VALUES (70, 111, 'FL001', 
        TIMESTAMP '2025-12-05 16:23:11', 
        DATE '2025-12-01', 
        'E', 200, 'PAID', 'CONFIRMED');

INSERT INTO ADMIN_28313.BOOKINGS (BOOKING_ID, CUSTOMER_ID, FLIGHT_NUMBER, BOOKING_DATE, TRAVEL_DATE, FARE_CLASS, PRICE, PAYMENT_STATUS, BOOKING_STATUS)
VALUES (71, 112, 'FL002', 
        TIMESTAMP '2025-12-05 16:25:55', 
        DATE '2025-12-02', 
        'B', 250, 'PAID', 'CONFIRMED');

INSERT INTO ADMIN_28313.BOOKINGS (BOOKING_ID, CUSTOMER_ID, FLIGHT_NUMBER, BOOKING_DATE, TRAVEL_DATE, FARE_CLASS, PRICE, PAYMENT_STATUS, BOOKING_STATUS)
VALUES (72, 113, 'FL003', 
        TIMESTAMP '2025-12-05 16:25:55', 
        DATE '2025-12-03', 
        'E', 200, 'PAID', 'CONFIRMED');

INSERT INTO ADMIN_28313.BOOKINGS (BOOKING_ID, CUSTOMER_ID, FLIGHT_NUMBER, BOOKING_DATE, TRAVEL_DATE, FARE_CLASS, PRICE, PAYMENT_STATUS, BOOKING_STATUS)
VALUES (73, 115, 'FL004', 
        TIMESTAMP '2025-12-05 16:25:55', 
        DATE '2025-12-04', 
        'K', 300, 'PENDING', 'CONFIRMED');

INSERT INTO ADMIN_28313.BOOKINGS (BOOKING_ID, CUSTOMER_ID, FLIGHT_NUMBER, BOOKING_DATE, TRAVEL_DATE, FARE_CLASS, PRICE, PAYMENT_STATUS, BOOKING_STATUS)
VALUES (74, 116, 'FL005', 
        TIMESTAMP '2025-12-05 16:27:14', 
        DATE '2025-12-05', 
        'E', 220, 'PAID', 'CONFIRMED');

INSERT INTO ADMIN_28313.BOOKINGS (BOOKING_ID, CUSTOMER_ID, FLIGHT_NUMBER, BOOKING_DATE, TRAVEL_DATE, FARE_CLASS, PRICE, PAYMENT_STATUS, BOOKING_STATUS)
VALUES (75, 117, 'FL006', 
        TIMESTAMP '2025-12-05 16:27:14', 
        DATE '2025-12-06', 
        'B', 260, 'PENDING', 'CONFIRMED');
-- inserting customers data

INSERT INTO ADMIN_28313.CUSTOMERS VALUES (
    111, 'Kenan', 'Abdi', 'kenan.abdi@sample.com', '+27612345678', 
    DATE '1990-08-14', 'GOLD', 79500, DATE '2020-10-20', 'NBO'
);

INSERT INTO ADMIN_28313.CUSTOMERS VALUES (
    112, 'Laila', 'Hassan', 'laila.hassan@sample.com', '+201098765432', 
    DATE '1973-04-25', 'PLATINUM', 197500, DATE '2016-01-05', 'CAI'
);

INSERT INTO ADMIN_28313.CUSTOMERS VALUES (
    113, 'Moyo', 'Sithole', 'moyo.sithole@sample.com', '+263772112233', 
    DATE '1983-11-30', 'GOLD', 53500, DATE '2019-05-20', 'HRE'
);

INSERT INTO ADMIN_28313.CUSTOMERS VALUES (
    115, 'Omar', 'Kheri', 'omar.kheri@sample.com', '+255784998877', 
    DATE '1965-10-01', 'PLATINUM', 112500, DATE '2017-02-28', 'JRO'
);

INSERT INTO ADMIN_28313.CUSTOMERS VALUES (
    116, 'Peter', 'Odhiambo', 'peter.odhiambo@sample.com', '+254710203040', 
    DATE '1991-03-09', 'SILVER', 45000, DATE '2021-09-12', 'NBO'
);

INSERT INTO ADMIN_28313.CUSTOMERS VALUES (
    117, 'Queen', 'Shabani', 'queen.shabani@sample.com', '+255767889900', 
    DATE '1987-07-17', 'GOLD', 88000, DATE '2018-04-01', 'DAR'
);

INSERT INTO ADMIN_28313.CUSTOMERS VALUES (
    118, 'Robert', 'Kizito', 'robert.kizito@sample.com', '+256777111222', 
    DATE '1976-12-05', 'PLATINUM', 160000, DATE '2017-06-20', 'EBB'
);

INSERT INTO ADMIN_28313.CUSTOMERS VALUES (
    120, 'Tariq', 'Musa', 'tariq.musa@sample.com', '+201155667788', 
    DATE '1980-09-10', 'GOLD', 105000, DATE '2019-01-25', 'CAI'
);

INSERT INTO ADMIN_28313.CUSTOMERS VALUES (
    121, 'Ubah', 'Mohamed', 'ubah.mohamed@sample.com', '+251911223344', 
    DATE '1984-05-15', 'GOLD', 90000, DATE '2019-03-01', 'ADD'
);

INSERT INTO ADMIN_28313.CUSTOMERS VALUES (
    122, 'Victor', 'Chikoti', 'victor.chikoti@sample.com', '+260955123123', 
    DATE '1979-11-21', 'PLATINUM', 170000, DATE '2016-09-10', 'LUN'
);

INSERT INTO ADMIN_28313.CUSTOMERS VALUES (
    123, 'Winnie', 'Zuma', 'winnie.zuma@sample.com', '+27834567890', 
    DATE '1993-01-07', 'SILVER', 30000, DATE '2022-06-05', 'JNB'
);

INSERT INTO ADMIN_28313.CUSTOMERS VALUES (
    125, 'Yara', 'Fahmy', 'yara.fahmy@sample.com', '+201278901234', 
    DATE '1975-04-03', 'PLATINUM', 250000, DATE '2015-05-30', 'CAI'
);

INSERT INTO ADMIN_28313.CUSTOMERS VALUES (
    126, 'Zola', 'Mandela', 'zola.mandela@sample.com', '+27601122334', 
    DATE '1990-03-22', 'SILVER', 48000, DATE '2021-01-10', 'JNB'
);

INSERT INTO ADMIN_28313.CUSTOMERS VALUES (
    127, 'Aisha', 'Said', 'aisha.said@sample.com', '+255773456789', 
    DATE '1982-10-05', 'GOLD', 120000, DATE '2017-07-25', 'ZNZ'
);

-- inserting Holidays data

INSERT INTO ADMIN_28313.HOLIDAYS VALUES (
    22, DATE '2026-12-01', 'Jamhuri Day', 'Kenya', 'Y', '2026-12'
);

INSERT INTO ADMIN_28313.HOLIDAYS VALUES (
    23, DATE '2026-12-25', 'Christmas Day', 'Kenya', 'Y', '2026-12'
);

INSERT INTO ADMIN_28313.HOLIDAYS VALUES (
    24, DATE '2026-12-26', 'Boxing Day', 'Kenya', 'Y', '2026-12'
);

INSERT INTO ADMIN_28313.HOLIDAYS VALUES (
    44, DATE '2026-12-12', 'User Info Test Holiday 171230', 'Kenya', 'Y', NULL
);


-- inserting price adjustmentd data

INSERT INTO ADMIN_28313.PRICE_ADJUSTMENTS VALUES (
    1, 'FL123', 'E', 0, 299.99, 299.99, 'Seasonal price increase', 'ADMIN',
    TO_TIMESTAMP('12-DEC-25 01.53.30.430000000 PM', 'DD-MON-RR HH.MI.SS.FF AM')
);

INSERT INTO ADMIN_28313.PRICE_ADJUSTMENTS VALUES (
    2, 'FL123', 'B', 0, 699.99, 699.99, 'Premium service upgrade', 'MANAGER',
    TO_TIMESTAMP('12-DEC-25 01.53.30.647000000 PM', 'DD-MON-RR HH.MI.SS.FF AM')
);
 -- inserting price_rules data
-- Using DEFAULT values for dates
INSERT INTO ADMIN_28313.PRICE_RULES (
    RULE_NAME,
    FARE_CLASS,
    BASE_PRICE,
    DEMAND_MULTIPLIER,
    CAPACITY_THRESHOLD,
    DAYS_BEFORE_DEPARTURE,
    MIN_PRICE,
    MAX_PRICE,
    IS_ACTIVE
) VALUES (
    'First Class High Demand',
    'F',
    800,
    1.2,
    80,
    30,
    600,
    1200,
    'Y'
);



